path,bytes,extension,top_level
App.css,648,.css,App.css
App.tsx,699,.tsx,App.tsx
LoadingBar.tsx,1033,.tsx,LoadingBar.tsx
api/blog/blogData.ts,8642,.ts,api
api/chat/Chatdata.ts,15929,.ts,api
api/contacts/ContactsData.tsx,14798,.tsx,api
api/eCommerce/ProductsData.ts,9702,.ts,api
api/email/EmailData.tsx,17923,.tsx,api
api/globalFetcher.ts,1493,.ts,api
api/invoice/invoceLists.tsx,9102,.tsx,api
api/kanban/KanbanData.tsx,8796,.tsx,api
api/language/LanguageData.js,726,.js,api
api/mocks/browser.ts,156,.ts,api
api/mocks/handlers/mockhandlers.ts,954,.ts,api
api/notes/NotesData.ts,4805,.ts,api
api/ticket/TicketData.ts,5071,.ts,api
api/userprofile/PostData.ts,8363,.ts,api
api/userprofile/UsersData.ts,8130,.ts,api
assets/images/backgrounds/bronze.png,151407,.png,assets
assets/images/backgrounds/errorimg.svg,11890,.svg,assets
assets/images/backgrounds/gold.png,159380,.png,assets
assets/images/backgrounds/login-bg.svg,25055,.svg,assets
assets/images/backgrounds/maintenance.svg,14168,.svg,assets
assets/images/backgrounds/piggy.png,82619,.png,assets
assets/images/backgrounds/profilebg.jpg,50569,.jpg,assets
assets/images/backgrounds/silver.png,152690,.png,assets
assets/images/backgrounds/track-bg.png,26370,.png,assets
assets/images/backgrounds/unlimited-bg.png,61532,.png,assets
assets/images/backgrounds/welcome-bg.svg,151249,.svg,assets
assets/images/backgrounds/welcome-bg2.png,140292,.png,assets
assets/images/blog/blog-img1.jpg,23212,.jpg,assets
assets/images/blog/blog-img10.jpg,45798,.jpg,assets
assets/images/blog/blog-img11.jpg,106614,.jpg,assets
assets/images/blog/blog-img2.jpg,41992,.jpg,assets
assets/images/blog/blog-img3.jpg,28219,.jpg,assets
assets/images/blog/blog-img4.jpg,30667,.jpg,assets
assets/images/blog/blog-img5.jpg,32976,.jpg,assets
assets/images/blog/blog-img6.jpg,34026,.jpg,assets
assets/images/blog/blog-img8.jpg,44128,.jpg,assets
assets/images/blog/blog-img9.jpg,28133,.jpg,assets
assets/images/breadcrumb/ChatBc.png,151920,.png,assets
assets/images/breadcrumb/emailSv.png,115412,.png,assets
assets/images/chat/icon-adobe.svg,663,.svg,assets
assets/images/chat/icon-chrome.svg,1263,.svg,assets
assets/images/chat/icon-figma.svg,608,.svg,assets
assets/images/chat/icon-javascript.svg,1396,.svg,assets
assets/images/chat/icon-zip-folder.svg,2132,.svg,assets
assets/images/flag/icon-flag-cn.svg,1578,.svg,assets
assets/images/flag/icon-flag-en.svg,1255,.svg,assets
assets/images/flag/icon-flag-fr.svg,459,.svg,assets
assets/images/flag/icon-flag-sa.svg,6836,.svg,assets
assets/images/flag/icon-flag-vn.svg,720,.svg,assets
assets/images/frontend-pages/contact/map.jpg,555295,.jpg,assets
assets/images/frontend-pages/contact/shape1.png,26640,.png,assets
assets/images/frontend-pages/homepage/accordian1.jpg,120914,.jpg,assets
assets/images/frontend-pages/homepage/banner-top-left.svg,40220,.svg,assets
assets/images/frontend-pages/homepage/banner-top-left2.svg,41071,.svg,assets
assets/images/frontend-pages/homepage/banner-top-right.svg,33921,.svg,assets
assets/images/frontend-pages/homepage/bottom-part.svg,157243,.svg,assets
assets/images/frontend-pages/homepage/design-collection.png,122977,.png,assets
assets/images/frontend-pages/homepage/feature-apps.png,1746,.png,assets
assets/images/frontend-pages/homepage/icon-play.svg,840,.svg,assets
assets/images/frontend-pages/homepage/notification-left.png,8369,.png,assets
assets/images/frontend-pages/homepage/notification-right.png,512,.png,assets
assets/images/frontend-pages/homepage/notification-top-right.png,3912,.png,assets
assets/images/frontend-pages/homepage/screen1.png,183331,.png,assets
assets/images/frontend-pages/homepage/user1.jpg,45896,.jpg,assets
assets/images/frontend-pages/homepage/user2.jpg,88577,.jpg,assets
assets/images/frontend-pages/homepage/user3.jpg,64515,.jpg,assets
assets/images/frontend-pages/homepage/user4.jpg,47037,.jpg,assets
assets/images/frontend-pages/homepage/user5.jpg,75129,.jpg,assets
assets/images/frontend-pages/icons/icon-chart.svg,2291,.svg,assets
assets/images/frontend-pages/icons/icon-check.svg,2397,.svg,assets
assets/images/frontend-pages/icons/icon-close.svg,3007,.svg,assets
assets/images/frontend-pages/icons/icon-color.svg,3603,.svg,assets
assets/images/frontend-pages/icons/icon-components.svg,5604,.svg,assets
assets/images/frontend-pages/icons/icon-customize.svg,2245,.svg,assets
assets/images/frontend-pages/icons/icon-facebook.svg,697,.svg,assets
assets/images/frontend-pages/icons/icon-framework.svg,1919,.svg,assets
assets/images/frontend-pages/icons/icon-icons.svg,1446,.svg,assets
assets/images/frontend-pages/icons/icon-instagram.svg,2097,.svg,assets
assets/images/frontend-pages/icons/icon-mui.svg,3714,.svg,assets
assets/images/frontend-pages/icons/icon-next.svg,2243,.svg,assets
assets/images/frontend-pages/icons/icon-pages.svg,2169,.svg,assets
assets/images/frontend-pages/icons/icon-react.svg,1271,.svg,assets
assets/images/frontend-pages/icons/icon-redux.svg,2186,.svg,assets
assets/images/frontend-pages/icons/icon-responsive.svg,1686,.svg,assets
assets/images/frontend-pages/icons/icon-sass.svg,2755,.svg,assets
assets/images/frontend-pages/icons/icon-sidebar.svg,754,.svg,assets
assets/images/frontend-pages/icons/icon-support.svg,1476,.svg,assets
assets/images/frontend-pages/icons/icon-table.svg,696,.svg,assets
assets/images/frontend-pages/icons/icon-tabler.svg,1344,.svg,assets
assets/images/frontend-pages/icons/icon-ts.svg,2364,.svg,assets
assets/images/frontend-pages/icons/icon-twitter.svg,1255,.svg,assets
assets/images/frontend-pages/icons/icon-update.svg,1985,.svg,assets
assets/images/frontend-pages/icons/logos_swr.svg,2030,.svg,assets
assets/images/frontend-pages/payments/icon-american-express.svg,11469,.svg,assets
assets/images/frontend-pages/payments/icon-diners.svg,79744,.svg,assets
assets/images/frontend-pages/payments/icon-discover.svg,16846,.svg,assets
assets/images/frontend-pages/payments/icon-jcb.svg,4143,.svg,assets
assets/images/frontend-pages/payments/icon-masetro.svg,11262,.svg,assets
assets/images/frontend-pages/payments/icon-mastercard.svg,14841,.svg,assets
assets/images/frontend-pages/payments/icon-paypal.svg,6395,.svg,assets
assets/images/frontend-pages/payments/icon-visa.svg,1927,.svg,assets
assets/images/kanban/kanban-img-1.jpg,1985,.jpg,assets
assets/images/kanban/kanban-img-2.jpg,3797,.jpg,assets
assets/images/kanban/kanban-img-3.jpg,12730,.jpg,assets
assets/images/kanban/kanban-img-4.jpg,15557,.jpg,assets
assets/images/landingpage/apps/app-blog-detail.jpg,383621,.jpg,assets
assets/images/landingpage/apps/app-blog.jpg,436151,.jpg,assets
assets/images/landingpage/apps/app-calendar.jpg,118805,.jpg,assets
assets/images/landingpage/apps/app-chat.jpg,154923,.jpg,assets
assets/images/landingpage/apps/app-contact.jpg,141622,.jpg,assets
assets/images/landingpage/apps/app-ecommerce-checkout.jpg,181865,.jpg,assets
assets/images/landingpage/apps/app-ecommerce-detail.jpg,357963,.jpg,assets
assets/images/landingpage/apps/app-ecommerce-list.jpg,217985,.jpg,assets
assets/images/landingpage/apps/app-ecommerce-shop.jpg,465226,.jpg,assets
assets/images/landingpage/apps/app-email.jpg,160063,.jpg,assets
assets/images/landingpage/apps/app-invoice.jpg,76615,.jpg,assets
assets/images/landingpage/apps/app-kanban.jpg,105282,.jpg,assets
assets/images/landingpage/apps/app-note.jpg,128317,.jpg,assets
assets/images/landingpage/apps/app-ticket.jpg,300734,.jpg,assets
assets/images/landingpage/apps/app-user-profile.jpg,404962,.jpg,assets
assets/images/landingpage/background/c2a.png,373581,.png,assets
assets/images/landingpage/background/slider-group.png,622447,.png,assets
assets/images/landingpage/banner-bg.png,136642,.png,assets
assets/images/landingpage/banner-img.png,268713,.png,assets
assets/images/landingpage/bannerimg1.svg,116803,.svg,assets
assets/images/landingpage/bannerimg2.svg,212015,.svg,assets
assets/images/landingpage/demos/demo-dark.jpg,181016,.jpg,assets
assets/images/landingpage/demos/demo-firebase.jpg,100230,.jpg,assets
assets/images/landingpage/demos/demo-horizontal.jpg,162071,.jpg,assets
assets/images/landingpage/demos/demo-main.jpg,202699,.jpg,assets
assets/images/landingpage/demos/demo-minisidebar.jpg,141703,.jpg,assets
assets/images/landingpage/demos/demo-rtl.jpg,189997,.jpg,assets
assets/images/landingpage/f-pages/page-about.jpg,79211,.jpg,assets
assets/images/landingpage/f-pages/page-homepage.jpg,96645,.jpg,assets
assets/images/landingpage/f-pages/page-portfolio.jpg,84675,.jpg,assets
assets/images/landingpage/f-pages/page-pricing.jpg,74611,.jpg,assets
assets/images/landingpage/favicon.png,664,.png,assets
assets/images/landingpage/frameworks/logo-apex.svg,2153,.svg,assets
assets/images/landingpage/frameworks/logo-figma.svg,1962,.svg,assets
assets/images/landingpage/frameworks/logo-js.svg,1245,.svg,assets
assets/images/landingpage/frameworks/logo-mui.svg,846,.svg,assets
assets/images/landingpage/frameworks/logo-react.svg,1780,.svg,assets
assets/images/landingpage/frameworks/logo-redux.svg,2209,.svg,assets
assets/images/landingpage/frameworks/logo-ts.svg,2750,.svg,assets
assets/images/landingpage/profile/testimonial1.png,3939,.png,assets
assets/images/landingpage/profile/testimonial2.png,5292,.png,assets
assets/images/landingpage/profile/testimonial3.png,5585,.png,assets
assets/images/landingpage/profile/user1.png,1613,.png,assets
assets/images/landingpage/profile/user2.png,1442,.png,assets
assets/images/landingpage/profile/user3.png,1660,.png,assets
assets/images/landingpage/shape/badge.png,5992,.png,assets
assets/images/landingpage/shape/badge.svg,5685,.svg,assets
assets/images/landingpage/shape/line-bg-2.png,2664,.png,assets
assets/images/landingpage/shape/line-bg-2.svg,676,.svg,assets
assets/images/landingpage/shape/line-bg.png,3826,.png,assets
assets/images/landingpage/shape/line-bg.svg,745,.svg,assets
assets/images/landingpage/shape/shape-1.png,49366,.png,assets
assets/images/landingpage/shape/shape-1.svg,1007,.svg,assets
assets/images/landingpage/shape/shape-2.png,76821,.png,assets
assets/images/landingpage/shape/shape-2.svg,999,.svg,assets
assets/images/logos/dark-logo.svg,6625,.svg,assets
assets/images/logos/dark-rtl-logo.svg,6643,.svg,assets
assets/images/logos/light-logo-rtl.svg,6615,.svg,assets
assets/images/logos/light-logo.svg,6582,.svg,assets
assets/images/logos/logoIcon.svg,810,.svg,assets
assets/images/products/empty-shopping-cart.svg,18881,.svg,assets
assets/images/products/payment-complete.gif,2110524,.gif,assets
assets/images/products/payment.svg,155534,.svg,assets
assets/images/products/product-1.jpg,8686,.jpg,assets
assets/images/products/product-2.jpg,6884,.jpg,assets
assets/images/products/product-3.jpg,8383,.jpg,assets
assets/images/products/product-4.jpg,9534,.jpg,assets
assets/images/products/s1.jpg,117358,.jpg,assets
assets/images/products/s10.jpg,226169,.jpg,assets
assets/images/products/s11.jpg,231624,.jpg,assets
assets/images/products/s12.jpg,75524,.jpg,assets
assets/images/products/s2.jpg,160766,.jpg,assets
assets/images/products/s3.jpg,99237,.jpg,assets
assets/images/products/s4.jpg,84198,.jpg,assets
assets/images/products/s5.jpg,124284,.jpg,assets
assets/images/products/s6.jpg,99247,.jpg,assets
assets/images/products/s7.jpg,78225,.jpg,assets
assets/images/products/s8.jpg,463793,.jpg,assets
assets/images/products/s9.jpg,89945,.jpg,assets
assets/images/profile/user-1.jpg,30954,.jpg,assets
assets/images/profile/user-10.jpg,27038,.jpg,assets
assets/images/profile/user-2.jpg,29517,.jpg,assets
assets/images/profile/user-3.jpg,27733,.jpg,assets
assets/images/profile/user-4.jpg,24339,.jpg,assets
assets/images/profile/user-5.jpg,26108,.jpg,assets
assets/images/profile/user-6.jpg,18062,.jpg,assets
assets/images/profile/user-7.jpg,27786,.jpg,assets
assets/images/profile/user-8.jpg,28073,.jpg,assets
assets/images/profile/user-9.jpg,20357,.jpg,assets
assets/images/svgs/cart-icon.svg,904,.svg,assets
assets/images/svgs/facebook-icon.svg,799,.svg,assets
assets/images/svgs/google-icon.svg,1209,.svg,assets
assets/images/svgs/icon-account.svg,1210,.svg,assets
assets/images/svgs/icon-bars.svg,1021,.svg,assets
assets/images/svgs/icon-briefcase.svg,434,.svg,assets
assets/images/svgs/icon-connect.svg,1021,.svg,assets
assets/images/svgs/icon-dd-application.svg,3009,.svg,assets
assets/images/svgs/icon-dd-cart.svg,2040,.svg,assets
assets/images/svgs/icon-dd-chat.svg,1027,.svg,assets
assets/images/svgs/icon-dd-date.svg,1401,.svg,assets
assets/images/svgs/icon-dd-invoice.svg,2806,.svg,assets
assets/images/svgs/icon-dd-lifebuoy.svg,1660,.svg,assets
assets/images/svgs/icon-dd-message-box.svg,635,.svg,assets
assets/images/svgs/icon-dd-mobile.svg,684,.svg,assets
assets/images/svgs/icon-favorites.svg,555,.svg,assets
assets/images/svgs/icon-inbox.svg,635,.svg,assets
assets/images/svgs/icon-mailbox.svg,416,.svg,assets
assets/images/svgs/icon-master-card-2.svg,1142,.svg,assets
assets/images/svgs/icon-master-card.svg,1142,.svg,assets
assets/images/svgs/icon-office-bag-2.svg,2462,.svg,assets
assets/images/svgs/icon-office-bag.svg,2462,.svg,assets
assets/images/svgs/icon-paypal.svg,1294,.svg,assets
assets/images/svgs/icon-pie.svg,546,.svg,assets
assets/images/svgs/icon-speech-bubble.svg,566,.svg,assets
assets/images/svgs/icon-tasks.svg,3009,.svg,assets
assets/images/svgs/icon-user-male.svg,1077,.svg,assets
assets/images/svgs/mastercard.svg,899,.svg,assets
assets/images/svgs/no-data.webp,25770,.webp,assets
assets/images/svgs/paypal.svg,2270,.svg,assets
assets/react.svg,4126,.svg,assets
components/apps/blog/BlogCard.tsx,2909,.tsx,components
components/apps/blog/BlogFeaturedCard.tsx,4256,.tsx,components
components/apps/blog/BlogListing.tsx,1672,.tsx,components
components/apps/blog/detail/BlogComment.tsx,2995,.tsx,components
components/apps/blog/detail/BlogDetail.tsx,8244,.tsx,components
components/apps/chats/ChatContent.tsx,10277,.tsx,components
components/apps/chats/ChatInsideSidebar.tsx,4445,.tsx,components
components/apps/chats/ChatListing.tsx,7268,.tsx,components
components/apps/chats/ChatMsgSent.tsx,2187,.tsx,components
components/apps/chats/ChatSidebar.tsx,918,.tsx,components
components/apps/contacts/ContactAdd.tsx,7043,.tsx,components
components/apps/contacts/ContactDetails.tsx,11568,.tsx,components
components/apps/contacts/ContactFilter.tsx,3418,.tsx,components
components/apps/contacts/ContactList.tsx,2989,.tsx,components
components/apps/contacts/ContactListItem.tsx,2522,.tsx,components
components/apps/contacts/ContactSearch.tsx,1470,.tsx,components
components/apps/ecommerce/ProductTableList/ProductTableList.tsx,14886,.tsx,components
components/apps/ecommerce/productAdd/GeneralCard.tsx,1509,.tsx,components
components/apps/ecommerce/productAdd/Media.tsx,1540,.tsx,components
components/apps/ecommerce/productAdd/Pricing.tsx,6294,.tsx,components
components/apps/ecommerce/productAdd/ProductDetails.tsx,2563,.tsx,components
components/apps/ecommerce/productAdd/ProductTemplate.tsx,1367,.tsx,components
components/apps/ecommerce/productAdd/Status.tsx,1659,.tsx,components
components/apps/ecommerce/productAdd/Thumbnail.tsx,1722,.tsx,components
components/apps/ecommerce/productAdd/VariationCard.tsx,2029,.tsx,components
components/apps/ecommerce/productCart/AddToCart.tsx,4220,.tsx,components
components/apps/ecommerce/productCart/AlertCart.tsx,786,.tsx,components
components/apps/ecommerce/productCheckout/FinalStep.tsx,789,.tsx,components
components/apps/ecommerce/productCheckout/FirstStep.tsx,1908,.tsx,components
components/apps/ecommerce/productCheckout/HorizontalStepper.tsx,1784,.tsx,components
components/apps/ecommerce/productCheckout/ProductCheckout.tsx,3985,.tsx,components
components/apps/ecommerce/productCheckout/SecondStep.tsx,1720,.tsx,components
components/apps/ecommerce/productCheckout/ThirdStep.tsx,5285,.tsx,components
components/apps/ecommerce/productDetail/Carousel.css,210,.css,components
components/apps/ecommerce/productDetail/ProductCarousel.tsx,2589,.tsx,components
components/apps/ecommerce/productDetail/ProductDesc.tsx,6913,.tsx,components
components/apps/ecommerce/productDetail/ProductDetail.tsx,7232,.tsx,components
components/apps/ecommerce/productDetail/ProductRelated.tsx,2640,.tsx,components
components/apps/ecommerce/productDetail/SliderData.ts,818,.ts,components
components/apps/ecommerce/productEdit/CustomersReviews.tsx,4392,.tsx,components
components/apps/ecommerce/productEdit/GeneralCard.tsx,1595,.tsx,components
components/apps/ecommerce/productEdit/Media.tsx,1540,.tsx,components
components/apps/ecommerce/productEdit/Pricing.tsx,6300,.tsx,components
components/apps/ecommerce/productEdit/ProductAvgSales.tsx,2347,.tsx,components
components/apps/ecommerce/productEdit/ProductDetails.tsx,2621,.tsx,components
components/apps/ecommerce/productEdit/ProductTemplate.tsx,1367,.tsx,components
components/apps/ecommerce/productEdit/Status.tsx,1659,.tsx,components
components/apps/ecommerce/productEdit/Thumbnail.tsx,2024,.tsx,components
components/apps/ecommerce/productEdit/VariationCard.tsx,2040,.tsx,components
components/apps/ecommerce/productGrid/ProductFilter.tsx,8425,.tsx,components
components/apps/ecommerce/productGrid/ProductList.tsx,6229,.tsx,components
components/apps/ecommerce/productGrid/ProductSearch.tsx,1034,.tsx,components
components/apps/ecommerce/productGrid/ProductSidebar.tsx,1075,.tsx,components
components/apps/email/EmailActions.tsx,867,.tsx,components
components/apps/email/EmailCompose.tsx,3157,.tsx,components
components/apps/email/EmailContent.tsx,6136,.tsx,components
components/apps/email/EmailFilter.tsx,4318,.tsx,components
components/apps/email/EmailList.tsx,2856,.tsx,components
components/apps/email/EmailListItem.tsx,3883,.tsx,components
components/apps/email/EmailSearch.tsx,1804,.tsx,components
components/apps/invoice/Add-invoice/index.tsx,13815,.tsx,components
components/apps/invoice/Edit-invoice/index.tsx,13704,.tsx,components
components/apps/invoice/Invoice-detail/index.tsx,7539,.tsx,components
components/apps/invoice/Invoice-list/index.tsx,14542,.tsx,components
components/apps/kanban/CategoryTaskList.tsx,8589,.tsx,components
components/apps/kanban/KanbanHeader.tsx,2470,.tsx,components
components/apps/kanban/TaskData.tsx,7498,.tsx,components
components/apps/kanban/TaskManager.tsx,1955,.tsx,components
components/apps/kanban/TaskModal/AddNewTaskModal.tsx,4855,.tsx,components
components/apps/kanban/TaskModal/EditCategoryModal.tsx,1837,.tsx,components
components/apps/kanban/TaskModal/EditTaskModal.tsx,5657,.tsx,components
components/apps/notes/AddNotes.tsx,2974,.tsx,components
components/apps/notes/NoteContent.tsx,4984,.tsx,components
components/apps/notes/NoteList.tsx,3802,.tsx,components
components/apps/notes/NoteSidebar.tsx,910,.tsx,components
components/apps/tickets/TicketFilter.tsx,2509,.tsx,components
components/apps/tickets/TicketListing.tsx,5828,.tsx,components
components/apps/userprofile/followers/FollowerCard.tsx,3531,.tsx,components
components/apps/userprofile/friends/FriendsCard.tsx,3517,.tsx,components
components/apps/userprofile/gallery/GalleryCard.tsx,4306,.tsx,components
components/apps/userprofile/profile/IntroCard.tsx,1433,.tsx,components
components/apps/userprofile/profile/PhotosCard.tsx,2400,.tsx,components
components/apps/userprofile/profile/Post.tsx,845,.tsx,components
components/apps/userprofile/profile/PostComments.tsx,5467,.tsx,components
components/apps/userprofile/profile/PostItem.tsx,5779,.tsx,components
components/apps/userprofile/profile/PostTextBox.tsx,1383,.tsx,components
components/apps/userprofile/profile/ProfileBanner.tsx,5386,.tsx,components
components/apps/userprofile/profile/ProfileTab.tsx,2020,.tsx,components
components/charts/Area Chart/code/AreaChartCode.tsx,2061,.tsx,components
components/charts/Candlestick Chart/code/CandlestickChartCode.tsx,6370,.tsx,components
components/charts/Column Chart/code/ColumnChartCode.tsx,2308,.tsx,components
components/charts/Doughnut Charts/code/DoughnutChartsCode.tsx,1747,.tsx,components
components/charts/Gradient Chart/code/GradientChartCode.tsx,2572,.tsx,components
components/charts/Line Chart/code/LineChartCode.tsx,2066,.tsx,components
components/charts/Pie Charts/code/PieChartsCode.tsx,1750,.tsx,components
components/charts/Radar Charts/code/RadarChartsCode.tsx,1581,.tsx,components
components/charts/Radialbar Charts/code/RadialbarChartsCode.tsx,1839,.tsx,components
components/container/PageContainer.tsx,499,.tsx,components
components/custom-scroll/Scrollbar.tsx,753,.tsx,components
components/dashboards/ecommerce/Expence.tsx,1768,.tsx,components
components/dashboards/ecommerce/Growth.tsx,2183,.tsx,components
components/dashboards/ecommerce/MonthlyEarnings.tsx,2650,.tsx,components
components/dashboards/ecommerce/PaymentGateways.tsx,3624,.tsx,components
components/dashboards/ecommerce/ProductPerformances.tsx,12734,.tsx,components
components/dashboards/ecommerce/RecentTransactions.tsx,3736,.tsx,components
components/dashboards/ecommerce/RevenueUpdates.tsx,3052,.tsx,components
components/dashboards/ecommerce/Sales.tsx,2363,.tsx,components
components/dashboards/ecommerce/SalesOverview.tsx,4157,.tsx,components
components/dashboards/ecommerce/SalesTwo.tsx,3077,.tsx,components
components/dashboards/ecommerce/WelcomeCard.tsx,2395,.tsx,components
components/dashboards/ecommerce/YearlySales.tsx,2018,.tsx,components
components/dashboards/modern/Customers.tsx,2303,.tsx,components
components/dashboards/modern/EmployeeSalary.tsx,2026,.tsx,components
components/dashboards/modern/MonthlyEarnings.tsx,2475,.tsx,components
components/dashboards/modern/Projects.tsx,2687,.tsx,components
components/dashboards/modern/RevenueUpdates.tsx,5383,.tsx,components
components/dashboards/modern/SellingProducts.tsx,2939,.tsx,components
components/dashboards/modern/Social.tsx,2214,.tsx,components
components/dashboards/modern/TopCards.tsx,2153,.tsx,components
components/dashboards/modern/TopPerformerData.ts,1150,.ts,components
components/dashboards/modern/TopPerformers.tsx,4865,.tsx,components
components/dashboards/modern/WeeklyStats.tsx,4244,.tsx,components
components/dashboards/modern/YearlyBreakup.tsx,3506,.tsx,components
components/forms/form-custom/code/FormCustomCode.tsx,18173,.tsx,components
components/forms/form-elements/autoComplete/CheckboxesAutocomplete.tsx,969,.tsx,components
components/forms/form-elements/autoComplete/ComboBoxAutocomplete.tsx,5433,.tsx,components
components/forms/form-elements/autoComplete/ControlledStateAutocomplete.tsx,1433,.tsx,components
components/forms/form-elements/autoComplete/CountrySelectAutocomplete.tsx,1556,.tsx,components
components/forms/form-elements/autoComplete/FreeSoloAutocomplete.tsx,1177,.tsx,components
components/forms/form-elements/autoComplete/MultipleValuesAutocomplete.tsx,613,.tsx,components
components/forms/form-elements/autoComplete/SizesAutocomplete.tsx,5725,.tsx,components
components/forms/form-elements/autoComplete/code/CheckboxesCode.tsx,5085,.tsx,components
components/forms/form-elements/autoComplete/code/ComboBoxCode.tsx,5937,.tsx,components
components/forms/form-elements/autoComplete/code/ControlledStateCode.tsx,1877,.tsx,components
components/forms/form-elements/autoComplete/code/CountrySelectCode.tsx,17602,.tsx,components
components/forms/form-elements/autoComplete/code/FreeSoloCode.tsx,3497,.tsx,components
components/forms/form-elements/autoComplete/code/MultipleValuesCode.tsx,2931,.tsx,components
components/forms/form-elements/autoComplete/code/SizesCode.tsx,6237,.tsx,components
components/forms/form-elements/autoComplete/countrydata.tsx,15684,.tsx,components
components/forms/form-elements/autoComplete/data.ts,1747,.ts,components
components/forms/form-elements/button/ColorButtonGroup.tsx,5114,.tsx,components
components/forms/form-elements/button/ColorButtons.tsx,617,.tsx,components
components/forms/form-elements/button/DefaultButtonGroup.tsx,719,.tsx,components
components/forms/form-elements/button/DefaultButtons.tsx,523,.tsx,components
components/forms/form-elements/button/FabColorButtons.tsx,1055,.tsx,components
components/forms/form-elements/button/FabDefaultButton.tsx,649,.tsx,components
components/forms/form-elements/button/FabSizeButtons.tsx,774,.tsx,components
components/forms/form-elements/button/IconColorButtons.tsx,1063,.tsx,components
components/forms/form-elements/button/IconLoadingButtons.tsx,654,.tsx,components
components/forms/form-elements/button/IconSizeButtons.tsx,702,.tsx,components
components/forms/form-elements/button/OutlinedColorButtons.tsx,628,.tsx,components
components/forms/form-elements/button/OutlinedIconButtons.tsx,609,.tsx,components
components/forms/form-elements/button/OutlinedSizeButton.tsx,471,.tsx,components
components/forms/form-elements/button/SizeButton.tsx,458,.tsx,components
components/forms/form-elements/button/SizeButtonGroup.tsx,763,.tsx,components
components/forms/form-elements/button/TextButtonGroup.tsx,760,.tsx,components
components/forms/form-elements/button/TextColorButtons.tsx,455,.tsx,components
components/forms/form-elements/button/TextDefaultButtons.tsx,443,.tsx,components
components/forms/form-elements/button/TextIconButtons.tsx,455,.tsx,components
components/forms/form-elements/button/TextSizeButton.tsx,342,.tsx,components
components/forms/form-elements/button/VerticalButtonGroup.tsx,834,.tsx,components
components/forms/form-elements/button/code/ColorButtonGroupCode.tsx,5489,.tsx,components
components/forms/form-elements/button/code/ColorsCode.tsx,784,.tsx,components
components/forms/form-elements/button/code/DefaultButtonGroupCode.tsx,904,.tsx,components
components/forms/form-elements/button/code/DefaultCode.tsx,678,.tsx,components
components/forms/form-elements/button/code/FABCode.tsx,792,.tsx,components
components/forms/form-elements/button/code/FABColorCode.tsx,1173,.tsx,components
components/forms/form-elements/button/code/FABSizeCode.tsx,900,.tsx,components
components/forms/form-elements/button/code/IconColorCode.tsx,1218,.tsx,components
components/forms/form-elements/button/code/IconSizesCode.tsx,859,.tsx,components
components/forms/form-elements/button/code/LoadingButtonsCode.tsx,852,.tsx,components
components/forms/form-elements/button/code/OutlineSizeCode.tsx,628,.tsx,components
components/forms/form-elements/button/code/OutlinedCode.tsx,773,.tsx,components
components/forms/form-elements/button/code/OutlinedIconCode.tsx,750,.tsx,components
components/forms/form-elements/button/code/SizeButtonGroupCode.tsx,950,.tsx,components
components/forms/form-elements/button/code/SizesCode.tsx,619,.tsx,components
components/forms/form-elements/button/code/TextButtonGroupCode.tsx,929,.tsx,components
components/forms/form-elements/button/code/TextCode.tsx,581,.tsx,components
components/forms/form-elements/button/code/TextColorCode.tsx,610,.tsx,components
components/forms/form-elements/button/code/TextIconColor.tsx,612,.tsx,components
components/forms/form-elements/button/code/TextSizesCode.tsx,501,.tsx,components
components/forms/form-elements/button/code/VerticalButtonGroupCode.tsx,1051,.tsx,components
components/forms/form-elements/checkbox/Colors.tsx,1303,.tsx,components
components/forms/form-elements/checkbox/Custom.tsx,1013,.tsx,components
components/forms/form-elements/checkbox/Default.tsx,981,.tsx,components
components/forms/form-elements/checkbox/DefaultColors.tsx,1354,.tsx,components
components/forms/form-elements/checkbox/Position.tsx,1173,.tsx,components
components/forms/form-elements/checkbox/Sizes.tsx,1547,.tsx,components
components/forms/form-elements/checkbox/code/ColorsCheckboxCode.tsx,3346,.tsx,components
components/forms/form-elements/checkbox/code/CustomEleCheckboxCode.tsx,3010,.tsx,components
components/forms/form-elements/checkbox/code/DefaultCheckboxCode.tsx,3009,.tsx,components
components/forms/form-elements/checkbox/code/DefaultcolorsCheckboxCode.tsx,1357,.tsx,components
components/forms/form-elements/checkbox/code/PositionCheckboxCode.tsx,3239,.tsx,components
components/forms/form-elements/checkbox/code/SizesCheckboxCode.tsx,1554,.tsx,components
components/forms/form-elements/date-time/BasicDateTime.tsx,1200,.tsx,components
components/forms/form-elements/date-time/DifferentDateTime.tsx,1302,.tsx,components
components/forms/form-elements/date-time/MuiDateTimePicker.tsx,1517,.tsx,components
components/forms/form-elements/date-time/code/BasicDateTimeCode.tsx,1585,.tsx,components
components/forms/form-elements/date-time/code/DifferentDesignCode.tsx,1658,.tsx,components
components/forms/form-elements/date-time/code/TimepickerCode.tsx,1855,.tsx,components
components/forms/form-elements/radio/ColorLabel.tsx,1122,.tsx,components
components/forms/form-elements/radio/Colors.tsx,2097,.tsx,components
components/forms/form-elements/radio/Custom.tsx,799,.tsx,components
components/forms/form-elements/radio/Default.tsx,765,.tsx,components
components/forms/form-elements/radio/Position.tsx,884,.tsx,components
components/forms/form-elements/radio/Sizes.tsx,968,.tsx,components
components/forms/form-elements/radio/code/ColorLabelRadioCode.tsx,2781,.tsx,components
components/forms/form-elements/radio/code/ColorsRadioCode.tsx,1822,.tsx,components
components/forms/form-elements/radio/code/CustomExRadioCode.tsx,2450,.tsx,components
components/forms/form-elements/radio/code/DefaultRadioCode.tsx,802,.tsx,components
components/forms/form-elements/radio/code/PositionRadioCode.tsx,2577,.tsx,components
components/forms/form-elements/radio/code/SizesRadioCode.tsx,965,.tsx,components
components/forms/form-elements/slider/DiscreteSlider.tsx,674,.tsx,components
components/forms/form-elements/slider/RangeDefault.tsx,1398,.tsx,components
components/forms/form-elements/slider/RangeSlider.tsx,843,.tsx,components
components/forms/form-elements/slider/VolumeSlider.tsx,861,.tsx,components
components/forms/form-elements/slider/code/CustomSliderCode.tsx,848,.tsx,components
components/forms/form-elements/slider/code/DefaultsliderCode.tsx,384,.tsx,components
components/forms/form-elements/slider/code/DisabledSliderCode.tsx,391,.tsx,components
components/forms/form-elements/slider/code/DiscreteSliderCode.tsx,524,.tsx,components
components/forms/form-elements/slider/code/RangesliderCode.tsx,1713,.tsx,components
components/forms/form-elements/slider/code/TemperatureRangeCode.tsx,706,.tsx,components
components/forms/form-elements/slider/code/VolumesliderCode.tsx,1226,.tsx,components
components/forms/form-elements/switch/Colors.tsx,446,.tsx,components
components/forms/form-elements/switch/Custom.tsx,364,.tsx,components
components/forms/form-elements/switch/Default.tsx,286,.tsx,components
components/forms/form-elements/switch/DefaultLabel.tsx,405,.tsx,components
components/forms/form-elements/switch/Position.tsx,1061,.tsx,components
components/forms/form-elements/switch/Sizes.tsx,239,.tsx,components
components/forms/form-elements/switch/code/ColorsSwitchCode.tsx,593,.tsx,components
components/forms/form-elements/switch/code/CustomSwitchCode.tsx,1278,.tsx,components
components/forms/form-elements/switch/code/DefaultLabelSwitchCode.tsx,560,.tsx,components
components/forms/form-elements/switch/code/DefaultSwitchCode.tsx,441,.tsx,components
components/forms/form-elements/switch/code/PositionSwitchCode.tsx,1128,.tsx,components
components/forms/form-elements/switch/code/SizesSwitchCode.tsx,400,.tsx,components
components/forms/form-horizontal/BasicIcons.tsx,4747,.tsx,components
components/forms/form-horizontal/BasicLayout.tsx,3762,.tsx,components
components/forms/form-horizontal/CollapsibleForm.tsx,12695,.tsx,components
components/forms/form-horizontal/FormLabelAlignment.tsx,7217,.tsx,components
components/forms/form-horizontal/FormSeparator.tsx,6983,.tsx,components
components/forms/form-horizontal/FormTabs.tsx,20486,.tsx,components
components/forms/form-horizontal/code/BasicIconsCode.tsx,4662,.tsx,components
components/forms/form-horizontal/code/BasicLayoutCode.tsx,4284,.tsx,components
components/forms/form-horizontal/code/FormSeparatorCode.tsx,7154,.tsx,components
components/forms/form-layouts/FbBasicHeaderForm.tsx,8014,.tsx,components
components/forms/form-layouts/FbDefaultForm.tsx,5941,.tsx,components
components/forms/form-layouts/FbDisabledForm.tsx,1365,.tsx,components
components/forms/form-layouts/FbInputVariants.tsx,1770,.tsx,components
components/forms/form-layouts/FbLeftIconForm.tsx,3516,.tsx,components
components/forms/form-layouts/FbOrdinaryForm.tsx,1919,.tsx,components
components/forms/form-layouts/FbReadonlyForm.tsx,1767,.tsx,components
components/forms/form-layouts/FbRightIconForm.tsx,3321,.tsx,components
components/forms/form-layouts/code/BasicHeaderFormCode.tsx,9091,.tsx,components
components/forms/form-layouts/code/DefaultFormCode.tsx,9030,.tsx,components
components/forms/form-layouts/code/InputVariantsCode.tsx,2312,.tsx,components
components/forms/form-layouts/code/LeftIconFormCode.tsx,5214,.tsx,components
components/forms/form-layouts/index.tsx,564,.tsx,components
components/forms/form-validation/FVCheckbox.tsx,1558,.tsx,components
components/forms/form-validation/FVLogin.tsx,3176,.tsx,components
components/forms/form-validation/FVOnLeave.tsx,2219,.tsx,components
components/forms/form-validation/FVRadio.tsx,2563,.tsx,components
components/forms/form-validation/FVRegister.tsx,4139,.tsx,components
components/forms/form-validation/FVSelect.tsx,1716,.tsx,components
components/forms/form-validation/code/CheckboxCode.tsx,3401,.tsx,components
components/forms/form-validation/code/OnLeaveCode.tsx,3134,.tsx,components
components/forms/form-validation/code/RadioCode.tsx,2606,.tsx,components
components/forms/form-validation/code/SelectCode.tsx,2208,.tsx,components
components/forms/form-vertical/BasicIcons.tsx,3466,.tsx,components
components/forms/form-vertical/BasicLayout.tsx,2656,.tsx,components
components/forms/form-vertical/CollapsibleForm.tsx,10467,.tsx,components
components/forms/form-vertical/FormSeparator.tsx,6808,.tsx,components
components/forms/form-vertical/FormTabs.tsx,14009,.tsx,components
components/forms/form-vertical/code/BasicIconsCode.tsx,3692,.tsx,components
components/forms/form-vertical/code/BasicLayoutCode.tsx,3607,.tsx,components
components/forms/form-wizard/FormWizardSteps.tsx,6474,.tsx,components
components/forms/form-wizard/code/FormWizardCode.tsx,8585,.tsx,components
components/forms/theme-elements/CustomCheckbox.tsx,2073,.tsx,components
components/forms/theme-elements/CustomDisabledButton.tsx,262,.tsx,components
components/forms/theme-elements/CustomFormLabel.tsx,418,.tsx,components
components/forms/theme-elements/CustomOutlinedButton.tsx,543,.tsx,components
components/forms/theme-elements/CustomOutlinedInput.tsx,612,.tsx,components
components/forms/theme-elements/CustomRadio.tsx,1689,.tsx,components
components/forms/theme-elements/CustomRangeSlider.tsx,563,.tsx,components
components/forms/theme-elements/CustomSelect.tsx,223,.tsx,components
components/forms/theme-elements/CustomSlider.tsx,579,.tsx,components
components/forms/theme-elements/CustomSocialButton.tsx,412,.tsx,components
components/forms/theme-elements/CustomSwitch.tsx,878,.tsx,components
components/forms/theme-elements/CustomTextField.tsx,620,.tsx,components
components/frontend-pages/about/banner/index.tsx,2095,.tsx,components
components/frontend-pages/about/key-metric/ContentArea.tsx,797,.tsx,components
components/frontend-pages/about/key-metric/Key.tsx,1442,.tsx,components
components/frontend-pages/about/key-metric/index.tsx,897,.tsx,components
components/frontend-pages/about/process/index.tsx,4885,.tsx,components
components/frontend-pages/blog/banner/index.tsx,1294,.tsx,components
components/frontend-pages/contact/banner/index.tsx,1863,.tsx,components
components/frontend-pages/contact/form/Address.tsx,1240,.tsx,components
components/frontend-pages/contact/form/index.tsx,4654,.tsx,components
components/frontend-pages/homepage/banner/Banner.tsx,8892,.tsx,components
components/frontend-pages/homepage/defend-focus/TabEmbedding.tsx,4949,.tsx,components
components/frontend-pages/homepage/defend-focus/TabPayments.tsx,4931,.tsx,components
components/frontend-pages/homepage/defend-focus/TabTeamScheduling.tsx,4955,.tsx,components
components/frontend-pages/homepage/defend-focus/TabWorkflows.tsx,4945,.tsx,components
components/frontend-pages/homepage/defend-focus/index.tsx,3656,.tsx,components
components/frontend-pages/homepage/exceptional-feature/index.tsx,7585,.tsx,components
components/frontend-pages/homepage/faq/index.tsx,8993,.tsx,components
components/frontend-pages/homepage/features/FeatureTitle.tsx,642,.tsx,components
components/frontend-pages/homepage/features/Features.tsx,5620,.tsx,components
components/frontend-pages/homepage/powerful-dozens/DozensCarousel.tsx,4445,.tsx,components
components/frontend-pages/homepage/powerful-dozens/carousel.css,301,.css,components
components/frontend-pages/homepage/powerful-dozens/index.tsx,2918,.tsx,components
components/frontend-pages/portfolio/Banner.tsx,1254,.tsx,components
components/frontend-pages/pricing/Banner.tsx,1249,.tsx,components
components/frontend-pages/shared/c2a/index.tsx,2992,.tsx,components
components/frontend-pages/shared/footer/index.tsx,6645,.tsx,components
components/frontend-pages/shared/header/HeaderAlert.tsx,3320,.tsx,components
components/frontend-pages/shared/header/HpHeader.tsx,2756,.tsx,components
components/frontend-pages/shared/header/MobileSidebar.tsx,1563,.tsx,components
components/frontend-pages/shared/header/Navigations.tsx,1886,.tsx,components
components/frontend-pages/shared/leadership/Contact.tsx,1421,.tsx,components
components/frontend-pages/shared/leadership/LeaderShipCarousel.tsx,7700,.tsx,components
components/frontend-pages/shared/leadership/carousel.css,123,.css,components
components/frontend-pages/shared/leadership/index.tsx,1241,.tsx,components
components/frontend-pages/shared/pricing/PaymentMethods.tsx,2613,.tsx,components
components/frontend-pages/shared/pricing/PricingCard.tsx,7483,.tsx,components
components/frontend-pages/shared/pricing/index.tsx,1116,.tsx,components
components/frontend-pages/shared/reviews/ContentArea.tsx,1013,.tsx,components
components/frontend-pages/shared/reviews/ReviewCarousel.tsx,5028,.tsx,components
components/frontend-pages/shared/reviews/index.tsx,1097,.tsx,components
components/frontend-pages/shared/scroll-to-top/index.tsx,1178,.tsx,components
components/landingpage/animation/Animation.tsx,862,.tsx,components
components/landingpage/banner/Banner.tsx,2682,.tsx,components
components/landingpage/banner/BannerContent.tsx,2799,.tsx,components
components/landingpage/c2a/C2a.tsx,2769,.tsx,components
components/landingpage/c2a/C2a2.tsx,2583,.tsx,components
components/landingpage/c2a/GuaranteeCard.tsx,1916,.tsx,components
components/landingpage/demo-slider/DemoSlider.tsx,10979,.tsx,components
components/landingpage/demo-slider/DemoTitle.tsx,2058,.tsx,components
components/landingpage/features/Features.tsx,5251,.tsx,components
components/landingpage/features/FeaturesTitle.tsx,1101,.tsx,components
components/landingpage/footer/Footer.tsx,1084,.tsx,components
components/landingpage/frameworks/Frameworks.tsx,1275,.tsx,components
components/landingpage/frameworks/FrameworksTitle.tsx,977,.tsx,components
components/landingpage/header/DemosDD.tsx,5602,.tsx,components
components/landingpage/header/Header.tsx,2793,.tsx,components
components/landingpage/header/MobileSidebar.tsx,2673,.tsx,components
components/landingpage/header/Navigations.tsx,4250,.tsx,components
components/landingpage/testimonial/Testimonial.tsx,5151,.tsx,components
components/landingpage/testimonial/TestimonialTitle.tsx,1028,.tsx,components
components/landingpage/testimonial/testimonial.css,261,.css,components
components/material-ui/accordion/code/BasicCode.tsx,1993,.tsx,components
components/material-ui/accordion/code/ControlledCode.tsx,3604,.tsx,components
components/material-ui/alert/code/ActionCode.tsx,715,.tsx,components
components/material-ui/alert/code/DescriptionCode.tsx,1034,.tsx,components
components/material-ui/alert/code/FilledCode.tsx,778,.tsx,components
components/material-ui/alert/code/OutlinedCode.tsx,790,.tsx,components
components/material-ui/alert/code/TransitionCode.tsx,1088,.tsx,components
components/material-ui/avatar/code/GroupedCode.tsx,632,.tsx,components
components/material-ui/avatar/code/GroupedSizeCode.tsx,732,.tsx,components
components/material-ui/avatar/code/IconAvatarsCode.tsx,927,.tsx,components
components/material-ui/avatar/code/ImageAvatarsCode.tsx,557,.tsx,components
components/material-ui/avatar/code/LetterAvatarsCode.tsx,726,.tsx,components
components/material-ui/avatar/code/SizesCode.tsx,842,.tsx,components
components/material-ui/avatar/code/VariantCode.tsx,754,.tsx,components
components/material-ui/avatar/code/WithBadgeCode.tsx,1489,.tsx,components
components/material-ui/chip/code/CustomIconCode.tsx,830,.tsx,components
components/material-ui/chip/code/CustomOutlinedIcon.tsx,772,.tsx,components
components/material-ui/chip/code/DisabledCode.tsx,718,.tsx,components
components/material-ui/chip/code/FilledCode.tsx,1654,.tsx,components
components/material-ui/chip/code/OutlinedCode.tsx,1893,.tsx,components
components/material-ui/chip/code/SizesCode.tsx,506,.tsx,components
components/material-ui/dialog/AlertDialog.tsx,1693,.tsx,components
components/material-ui/dialog/FormDialog.tsx,1793,.tsx,components
components/material-ui/dialog/FullscreenDialog.tsx,2030,.tsx,components
components/material-ui/dialog/MaxWidthDialog.tsx,3050,.tsx,components
components/material-ui/dialog/ResponsiveDialog.tsx,1645,.tsx,components
components/material-ui/dialog/ScrollContentDialog.tsx,2445,.tsx,components
components/material-ui/dialog/SimpleDialog.tsx,2017,.tsx,components
components/material-ui/dialog/TransitionDialog.tsx,1784,.tsx,components
components/material-ui/dialog/code/AlertCode.tsx,1634,.tsx,components
components/material-ui/dialog/code/FormCode.tsx,1734,.tsx,components
components/material-ui/dialog/code/FullScreenCode.tsx,2071,.tsx,components
components/material-ui/dialog/code/MaxWidthCode.tsx,3068,.tsx,components
components/material-ui/dialog/code/ResponsiveFullscreenCode.tsx,1689,.tsx,components
components/material-ui/dialog/code/ScrollingContentCode.tsx,2518,.tsx,components
components/material-ui/dialog/code/SimpleCode.tsx,2017,.tsx,components
components/material-ui/dialog/code/TransitionCode.tsx,1842,.tsx,components
components/material-ui/lists/ControlsList.tsx,1959,.tsx,components
components/material-ui/lists/FolderList.tsx,1337,.tsx,components
components/material-ui/lists/NestedList.tsx,2101,.tsx,components
components/material-ui/lists/SelectedList.tsx,2074,.tsx,components
components/material-ui/lists/SimpleList.tsx,1514,.tsx,components
components/material-ui/lists/SwitchList.tsx,2020,.tsx,components
components/material-ui/lists/code/ControlsListCode.tsx,2053,.tsx,components
components/material-ui/lists/code/FolderListCode.tsx,1317,.tsx,components
components/material-ui/lists/code/NestedListCode.tsx,2023,.tsx,components
components/material-ui/lists/code/SelectedListCode.tsx,1934,.tsx,components
components/material-ui/lists/code/SimpleListCode.tsx,1491,.tsx,components
components/material-ui/lists/code/SwitchListCode.tsx,2012,.tsx,components
components/material-ui/popover/ClickPopover.tsx,1202,.tsx,components
components/material-ui/popover/HoverPopover.tsx,1505,.tsx,components
components/material-ui/popover/code/ClickPopoverCode.tsx,1382,.tsx,components
components/material-ui/popover/code/HoverPopoverCode.tsx,1742,.tsx,components
components/material-ui/tabs/code/IconBottomCode.tsx,1630,.tsx,components
components/material-ui/tabs/code/IconCode.tsx,1524,.tsx,components
components/material-ui/tabs/code/IconLeftCode.tsx,1593,.tsx,components
components/material-ui/tabs/code/IconRightCode.tsx,1593,.tsx,components
components/material-ui/tabs/code/IconWithLabelCode.tsx,1582,.tsx,components
components/material-ui/tabs/code/ScrollableCode.tsx,1881,.tsx,components
components/material-ui/tabs/code/TextCode.tsx,1535,.tsx,components
components/material-ui/tabs/code/VerticalCode.tsx,2031,.tsx,components
components/material-ui/tooltip/code/ArrowTooltipCode.tsx,691,.tsx,components
components/material-ui/tooltip/code/PositionsTooltipCode.tsx,2204,.tsx,components
components/material-ui/tooltip/code/SimpleTooltipCode.tsx,1157,.tsx,components
components/material-ui/tooltip/code/TransitionsCode.tsx,1030,.tsx,components
components/material-ui/tooltip/code/VariableWidthCode.tsx,1647,.tsx,components
components/material-ui/transfer-list/BasicTransferList.tsx,4643,.tsx,components
components/material-ui/transfer-list/EnhancedTransferList.tsx,4898,.tsx,components
components/material-ui/transfer-list/code/BasicTransferListCode.tsx,5441,.tsx,components
components/material-ui/transfer-list/code/EnhancedTransferListCode.tsx,5027,.tsx,components
components/material-ui/typography/code/Heading1Code.tsx,316,.tsx,components
components/material-ui/typography/code/Heading2Code.tsx,316,.tsx,components
components/material-ui/typography/code/Heading3Code.tsx,316,.tsx,components
components/material-ui/typography/code/Heading4Code.tsx,316,.tsx,components
components/material-ui/typography/code/Heading5Code.tsx,316,.tsx,components
components/material-ui/typography/code/Heading6Code.tsx,316,.tsx,components
components/material-ui/typography/code/Subtitle1Code.tsx,419,.tsx,components
components/material-ui/typography/code/Subtitle2Code.tsx,419,.tsx,components
components/material-ui/typography/code/TextErrorCode.tsx,481,.tsx,components
components/material-ui/typography/code/TextInfoCode.tsx,448,.tsx,components
components/material-ui/typography/code/TextPrimaryCode.tsx,487,.tsx,components
components/material-ui/typography/code/TextSecondaryCode.tsx,459,.tsx,components
components/material-ui/typography/code/TextSuccessCode.tsx,453,.tsx,components
components/material-ui/typography/code/TextWarningCode.tsx,457,.tsx,components
components/muicharts/barcharts/BarChartStackedBySignChart.tsx,1462,.tsx,components
components/muicharts/barcharts/BiaxialBarChart.tsx,1754,.tsx,components
components/muicharts/barcharts/MixedBarChart.tsx,1481,.tsx,components
components/muicharts/barcharts/PositiveAndNegativeBarChart.tsx,1723,.tsx,components
components/muicharts/barcharts/SimpleBarChart.tsx,1299,.tsx,components
components/muicharts/barcharts/StackedBarChart.tsx,1332,.tsx,components
components/muicharts/barcharts/TinyBarChart.tsx,1112,.tsx,components
components/muicharts/code/areachartscode/AreaChartConnectNullsCode.tsx,1506,.tsx,components
components/muicharts/code/areachartscode/AreaChartFillByValueCode.tsx,6573,.tsx,components
components/muicharts/code/areachartscode/PercentAreaCode.tsx,2641,.tsx,components
components/muicharts/code/areachartscode/SimpleAreaCode.tsx,1179,.tsx,components
components/muicharts/code/areachartscode/StackedAreaCode.tsx,1956,.tsx,components
components/muicharts/code/areachartscode/TinyAreaCode.tsx,1434,.tsx,components
components/muicharts/code/barchartcode/BarChartStackedBySignCode.tsx,1359,.tsx,components
components/muicharts/code/barchartcode/BiaxialBarCode.tsx,1838,.tsx,components
components/muicharts/code/barchartcode/MixedBarCode.tsx,1546,.tsx,components
components/muicharts/code/barchartcode/PositiveAndNegativeBarCode.tsx,1785,.tsx,components
components/muicharts/code/barchartcode/SimpleBarCode.tsx,1437,.tsx,components
components/muicharts/code/barchartcode/StackedBarCode.tsx,1438,.tsx,components
components/muicharts/code/barchartcode/TinyBarCode.tsx,1375,.tsx,components
components/muicharts/code/gaugechartscode/ArcDesignCode.tsx,1098,.tsx,components
components/muicharts/code/gaugechartscode/BasicGaugesCode.tsx,776,.tsx,components
components/muicharts/code/gaugechartscode/GaugePointerCode.tsx,1413,.tsx,components
components/muicharts/code/linechartscode/BiaxialLineCode.tsx,1531,.tsx,components
components/muicharts/code/linechartscode/DashedLineCode.tsx,2098,.tsx,components
components/muicharts/code/linechartscode/LineChartWithReferenceLinesCode.tsx,2002,.tsx,components
components/muicharts/code/linechartscode/LinewithforecastCode.tsx,3017,.tsx,components
components/muicharts/code/linechartscode/SimpleLineCode.tsx,1286,.tsx,components
components/muicharts/code/linechartscode/TinyLineCode.tsx,1198,.tsx,components
components/muicharts/code/piechartcode/BasicPieCode.tsx,1203,.tsx,components
components/muicharts/code/piechartcode/OnSeriesItemClickCode.tsx,2133,.tsx,components
components/muicharts/code/piechartcode/PieChartWithCenterLabelCode.tsx,1468,.tsx,components
components/muicharts/code/piechartcode/PieChartWithCustomizedLabelCode.tsx,1734,.tsx,components
components/muicharts/code/piechartcode/PieChartWithPaddingAngleCode.tsx,2026,.tsx,components
components/muicharts/code/piechartcode/StraightAnglePieCode.tsx,1186,.tsx,components
components/muicharts/code/piechartcode/TwoLevelPieCode.tsx,1948,.tsx,components
components/muicharts/code/piechartcode/TwoSimplePieCode.tsx,1877,.tsx,components
components/muicharts/code/scatterchartscode/BasicScatterCode.tsx,4052,.tsx,components
components/muicharts/code/scatterchartscode/ScatterClickNoSnapCode.tsx,5224,.tsx,components
components/muicharts/code/scatterchartscode/ScatterDatasetCode.tsx,2650,.tsx,components
components/muicharts/code/scatterchartscode/VoronoiInteractionCode.tsx,4873,.tsx,components
components/muicharts/code/sparklinecode/AreaSparkLineCode.tsx,1390,.tsx,components
components/muicharts/code/sparklinecode/BasicSparkLineCode.tsx,1229,.tsx,components
components/muicharts/code/sparklinecode/BasicSparkLineCustomizationCode.tsx,3461,.tsx,components
components/muicharts/gaugecharts/ArcDesignChart.tsx,1012,.tsx,components
components/muicharts/gaugecharts/BasicGaugesChart.tsx,675,.tsx,components
components/muicharts/gaugecharts/GaugePointerChart.tsx,1397,.tsx,components
components/muicharts/linescharts/areacharts/AreaChartConnectNullsChart.tsx,1398,.tsx,components
components/muicharts/linescharts/areacharts/AreaChartFillByValueChart.tsx,6867,.tsx,components
components/muicharts/linescharts/areacharts/PercentAreaChart.tsx,2531,.tsx,components
components/muicharts/linescharts/areacharts/SimpleAreaChart.tsx,1128,.tsx,components
components/muicharts/linescharts/areacharts/StackedAreaChart.tsx,1845,.tsx,components
components/muicharts/linescharts/areacharts/TinyAreaChart.tsx,1307,.tsx,components
components/muicharts/linescharts/linechart/BiaxialLineChart.tsx,1395,.tsx,components
components/muicharts/linescharts/linechart/DashedLineChart.tsx,1967,.tsx,components
components/muicharts/linescharts/linechart/LineChartWithReferenceLinesChart.tsx,2122,.tsx,components
components/muicharts/linescharts/linechart/LinewithforecastChart.tsx,3247,.tsx,components
components/muicharts/linescharts/linechart/SimpleLineChart.tsx,1146,.tsx,components
components/muicharts/linescharts/linechart/TinyLineChart.tsx,1180,.tsx,components
components/muicharts/piecharts/BasicPieChart.tsx,1070,.tsx,components
components/muicharts/piecharts/OnSeriesItemClickChart.tsx,2233,.tsx,components
components/muicharts/piecharts/PieChartWithCenterLabelChart.tsx,1387,.tsx,components
components/muicharts/piecharts/PieChartWithCustomizedLabel.tsx,1531,.tsx,components
components/muicharts/piecharts/PieChartWithPaddingAngleChart.tsx,1816,.tsx,components
components/muicharts/piecharts/StraightAnglePieChart.tsx,1072,.tsx,components
components/muicharts/piecharts/TwoLevelPieChart.tsx,1574,.tsx,components
components/muicharts/piecharts/TwoSimplePieChart.tsx,1691,.tsx,components
components/muicharts/scattercharts/BasicScatterChart.tsx,3914,.tsx,components
components/muicharts/scattercharts/ScatterClickNoSnapChart.tsx,5160,.tsx,components
components/muicharts/scattercharts/ScatterDatasetChart.tsx,2491,.tsx,components
components/muicharts/scattercharts/VoronoiInteractionChart.tsx,4614,.tsx,components
components/muicharts/sparklinecharts/AreaSparkLineChart.tsx,1055,.tsx,components
components/muicharts/sparklinecharts/BasicSparkLine.tsx,1171,.tsx,components
components/muicharts/sparklinecharts/BasicSparkLineCustomizationChart.tsx,3377,.tsx,components
components/muitrees/code/simpletreecode/ApiMethodFocusItemCode.tsx,2433,.tsx,components
components/muitrees/code/simpletreecode/ApiMethodSetItemExpansionCode.tsx,2817,.tsx,components
components/muitrees/code/simpletreecode/BasicCustomIconsCode.tsx,3855,.tsx,components
components/muitrees/code/simpletreecode/BasicSimpleTreeViewCode.tsx,1801,.tsx,components
components/muitrees/code/simpletreecode/CheckboxSelectionCode.tsx,1812,.tsx,components
components/muitrees/code/simpletreecode/ControlledExpansionTreeCode.tsx,3246,.tsx,components
components/muitrees/code/simpletreecode/ControlledSelectionCode.tsx,3291,.tsx,components
components/muitrees/code/simpletreecode/CustomTreeItemCode.tsx,3293,.tsx,components
components/muitrees/code/simpletreecode/MultiSelectTreeViewCode.tsx,1849,.tsx,components
components/muitrees/code/simpletreecode/TrackitemclicksTreeCode.tsx,2419,.tsx,components
components/muitrees/simpletree/ApiMethodFocusItem.tsx,2370,.tsx,components
components/muitrees/simpletree/ApiMethodSetItemExpansion.tsx,2527,.tsx,components
components/muitrees/simpletree/BasicCustomIcons.tsx,3369,.tsx,components
components/muitrees/simpletree/BasicSimpleTreeView.tsx,1724,.tsx,components
components/muitrees/simpletree/CheckboxSelection.tsx,1737,.tsx,components
components/muitrees/simpletree/ControlledExpansionTree.tsx,3201,.tsx,components
components/muitrees/simpletree/ControlledSelectiontree.tsx,3227,.tsx,components
components/muitrees/simpletree/CustomTreeItemView.tsx,3086,.tsx,components
components/muitrees/simpletree/MultiSelectTreeView.tsx,1762,.tsx,components
components/muitrees/simpletree/TrackitemclicksTree.tsx,2373,.tsx,components
components/pages/account-setting/AccountTab.tsx,10472,.tsx,components
components/pages/account-setting/BillsTab.tsx,7249,.tsx,components
components/pages/account-setting/NotificationTab.tsx,8314,.tsx,components
components/pages/account-setting/SecurityTab.tsx,5646,.tsx,components
components/pages/faq/Questions.tsx,4262,.tsx,components
components/pages/faq/StillQuestions.tsx,1552,.tsx,components
components/react-tables/basic/page.tsx,6073,.tsx,components
components/react-tables/column-visiblity/page.tsx,9853,.tsx,components
components/react-tables/dense/page.tsx,10436,.tsx,components
components/react-tables/drag-drop/Columndragdrop.tsx,9300,.tsx,components
components/react-tables/drag-drop/Rowdragdrop.tsx,7901,.tsx,components
components/react-tables/drag-drop/page.tsx,864,.tsx,components
components/react-tables/editable/page.tsx,13842,.tsx,components
components/react-tables/empty/page.tsx,7720,.tsx,components
components/react-tables/expanding/page.tsx,15655,.tsx,components
components/react-tables/filter/FilterTableData.ts,3578,.ts,components
components/react-tables/filter/page.tsx,12565,.tsx,components
components/react-tables/pagination/PaginationData.ts,3814,.ts,components
components/react-tables/pagination/page.tsx,10593,.tsx,components
components/react-tables/row-selection/page.tsx,7953,.tsx,components
components/react-tables/sorting/page.tsx,10679,.tsx,components
components/react-tables/sticky/page.tsx,7931,.tsx,components
components/shared/AppCard.tsx,621,.tsx,components
components/shared/BaseCard.tsx,752,.tsx,components
components/shared/BlankCard.tsx,901,.tsx,components
components/shared/ChildCard.tsx,681,.tsx,components
components/shared/CodeDialog.tsx,1734,.tsx,components
components/shared/DashboardCard.tsx,2198,.tsx,components
components/shared/DashboardWidgetCard.tsx,3407,.tsx,components
components/shared/DownloadCard.tsx,1122,.tsx,components
components/shared/InlineItemCard.tsx,572,.tsx,components
components/shared/ParentCard.tsx,1170,.tsx,components
components/shared/ScrollToTop.tsx,389,.tsx,components
components/shared/ThreeColumn.tsx,2760,.tsx,components
components/tables/Table1.tsx,7435,.tsx,components
components/tables/Table2.tsx,6958,.tsx,components
components/tables/Table3.tsx,7539,.tsx,components
components/tables/Table4.tsx,6742,.tsx,components
components/tables/Table5.tsx,4859,.tsx,components
components/tables/code/BasicTableCode.tsx,7525,.tsx,components
components/tables/tableData.ts,6653,.ts,components
components/widgets/banners/Banner1.tsx,1941,.tsx,components
components/widgets/banners/Banner2.tsx,1180,.tsx,components
components/widgets/banners/Banner3.tsx,1517,.tsx,components
components/widgets/banners/Banner4.tsx,1095,.tsx,components
components/widgets/banners/Banner5.tsx,1099,.tsx,components
components/widgets/banners/code/EmptyCartCode.tsx,1026,.tsx,components
components/widgets/banners/code/ErrorBannerCode.tsx,1026,.tsx,components
components/widgets/banners/code/FriendCardCode.tsx,1483,.tsx,components
components/widgets/banners/code/NotificationCode.tsx,1151,.tsx,components
components/widgets/banners/code/TransectionCode.tsx,1748,.tsx,components
components/widgets/cards/ComplexCard.tsx,4947,.tsx,components
components/widgets/cards/EcommerceCard.tsx,3596,.tsx,components
components/widgets/cards/FollowerCard.tsx,2421,.tsx,components
components/widgets/cards/FriendCard.tsx,2922,.tsx,components
components/widgets/cards/GiftCard.tsx,2307,.tsx,components
components/widgets/cards/MusicCard.tsx,3023,.tsx,components
components/widgets/cards/ProfileCard.tsx,3483,.tsx,components
components/widgets/cards/Settings.tsx,2688,.tsx,components
components/widgets/cards/UpcomingActivity.tsx,3468,.tsx,components
components/widgets/cards/code/ComplexCardCode.tsx,3904,.tsx,components
components/widgets/cards/code/EcommerceCardCode.tsx,2820,.tsx,components
components/widgets/cards/code/FollowerCardCode.tsx,2074,.tsx,components
components/widgets/cards/code/FriendCardCode.tsx,2527,.tsx,components
components/widgets/cards/code/GiftCardCode.tsx,1715,.tsx,components
components/widgets/cards/code/MusicCardCode.tsx,2627,.tsx,components
components/widgets/cards/code/ProfileCardCode.tsx,2657,.tsx,components
components/widgets/cards/code/SettingsCode.tsx,3800,.tsx,components
components/widgets/cards/code/UpcomingActivityCode.tsx,3242,.tsx,components
components/widgets/charts/CurrentValue.tsx,8519,.tsx,components
components/widgets/charts/Earned.tsx,1974,.tsx,components
components/widgets/charts/Followers.tsx,1999,.tsx,components
components/widgets/charts/MostVisited.tsx,3746,.tsx,components
components/widgets/charts/PageImpressions.tsx,3000,.tsx,components
components/widgets/charts/Views.tsx,2569,.tsx,components
context/BlogContext/index.tsx,2796,.tsx,context
context/ChatContext/index.tsx,3763,.tsx,context
context/ConatactContext/index.tsx,5648,.tsx,context
context/CustomizerContext.tsx,3708,.tsx,context
context/EcommerceContext/index.tsx,10889,.tsx,context
context/EmailContext/index.tsx,3920,.tsx,context
context/InvoiceContext/index.tsx,2524,.tsx,context
context/NotesContext/index.tsx,3336,.tsx,context
context/TicketContext/index.tsx,2760,.tsx,context
context/UserDataContext/index.tsx,6031,.tsx,context
context/config.ts,605,.ts,context
context/kanbancontext/index.tsx,4889,.tsx,context
index.css,1264,.css,index.css
layouts/blank/BlankLayout.tsx,199,.tsx,layouts
layouts/full/FullLayout.tsx,3083,.tsx,layouts
layouts/full/horizontal/header/Header.tsx,3897,.tsx,layouts
layouts/full/horizontal/navbar/Menudata.ts,21492,.ts,layouts
layouts/full/horizontal/navbar/NavCollapse/NavCollapse.tsx,4115,.tsx,layouts
layouts/full/horizontal/navbar/NavItem/NavItem.tsx,2679,.tsx,layouts
layouts/full/horizontal/navbar/NavListing/NavListing.tsx,1737,.tsx,layouts
layouts/full/horizontal/navbar/Navigation.tsx,1898,.tsx,layouts
layouts/full/shared/breadcrumb/Breadcrumb.tsx,2612,.tsx,layouts
layouts/full/shared/customizer/Customizer.tsx,13647,.tsx,layouts
layouts/full/shared/customizer/RTL.tsx,971,.tsx,layouts
layouts/full/shared/customizer/typings.d.ts,97,.ts,layouts
layouts/full/shared/loadable/Loadable.tsx,468,.tsx,layouts
layouts/full/shared/logo/Logo.tsx,1847,.tsx,layouts
layouts/full/shared/welcome/Welcome.tsx,1223,.tsx,layouts
layouts/full/vertical/header/AppLinks.tsx,2018,.tsx,layouts
layouts/full/vertical/header/Cart.tsx,3450,.tsx,layouts
layouts/full/vertical/header/CartItem.tsx,3441,.tsx,layouts
layouts/full/vertical/header/Header.tsx,3970,.tsx,layouts
layouts/full/vertical/header/Language.tsx,2748,.tsx,layouts
layouts/full/vertical/header/Message.tsx,3992,.tsx,layouts
layouts/full/vertical/header/MobileRightSidebar.tsx,4152,.tsx,layouts
layouts/full/vertical/header/Navigation.tsx,3785,.tsx,layouts
layouts/full/vertical/header/Notification.tsx,3660,.tsx,layouts
layouts/full/vertical/header/Profile.tsx,5359,.tsx,layouts
layouts/full/vertical/header/QuickLinks.tsx,748,.tsx,layouts
layouts/full/vertical/header/Search.tsx,4062,.tsx,layouts
layouts/full/vertical/header/data.ts,5199,.ts,layouts
layouts/full/vertical/sidebar/MenuItems.ts,20925,.ts,layouts
layouts/full/vertical/sidebar/NavCollapse/index.tsx,3912,.tsx,layouts
layouts/full/vertical/sidebar/NavGroup/NavGroup.tsx,968,.tsx,layouts
layouts/full/vertical/sidebar/NavItem/index.tsx,3625,.tsx,layouts
layouts/full/vertical/sidebar/Sidebar.tsx,3977,.tsx,layouts
layouts/full/vertical/sidebar/SidebarItems.tsx,2098,.tsx,layouts
layouts/full/vertical/sidebar/SidebarProfile/Profile.tsx,1502,.tsx,layouts
layouts/full/vertical/sidebar/module-name.d.ts,37,.ts,layouts
main.tsx,748,.tsx,main.tsx
routes/Router.tsx,19266,.tsx,routes
theme/Components.tsx,12980,.tsx,theme
theme/DarkThemeColors.tsx,2244,.tsx,theme
theme/DefaultColors.tsx,2719,.tsx,theme
theme/LightThemeColors.tsx,2133,.tsx,theme
theme/Shadows.tsx,3203,.tsx,theme
theme/Theme.tsx,1813,.tsx,theme
theme/ThemeColors.tsx,1556,.tsx,theme
theme/Typography.tsx,1087,.tsx,theme
types/apps/blog.ts,497,.ts,types
types/apps/chat.ts,450,.ts,types
types/apps/contact.ts,312,.ts,types
types/apps/eCommerce.ts,688,.ts,types
types/apps/email.ts,514,.ts,types
types/apps/icon.ts,500,.ts,types
types/apps/invoice.ts,704,.ts,types
types/apps/kanban.ts,294,.ts,types
types/apps/notes.ts,132,.ts,types
types/apps/ticket.ts,216,.ts,types
types/apps/userProfile.ts,1066,.ts,types
types/apps/users.ts,248,.ts,types
types/auth/auth.ts,270,.ts,types
types/layout/sidebar.ts,377,.ts,types
utils/i18n.ts,713,.ts,utils
utils/languages/ar.json,733,.json,utils
utils/languages/ch.json,547,.json,utils
utils/languages/en.json,519,.json,utils
utils/languages/fr.json,581,.json,utils
views/apps/blog/Blog.tsx,925,.tsx,views
views/apps/blog/BlogPost.tsx,931,.tsx,views
views/apps/calendar/BigCalendar.tsx,10444,.tsx,views
views/apps/calendar/Calendar.css,2278,.css,views
views/apps/calendar/EventData.ts,1391,.ts,views
views/apps/chat/Chat.tsx,1765,.tsx,views
views/apps/contacts/Contacts.tsx,3887,.tsx,views
views/apps/eCommerce/EcomProductList.tsx,1129,.tsx,views
views/apps/eCommerce/Ecommerce.tsx,1727,.tsx,views
views/apps/eCommerce/EcommerceAddProduct.tsx,2668,.tsx,views
views/apps/eCommerce/EcommerceCheckout.tsx,1221,.tsx,views
views/apps/eCommerce/EcommerceDetail.tsx,2576,.tsx,views
views/apps/eCommerce/EcommerceEditProduct.tsx,3047,.tsx,views
views/apps/email/Email.tsx,4251,.tsx,views
views/apps/invoice/Create.tsx,924,.tsx,views
views/apps/invoice/Detail.tsx,940,.tsx,views
views/apps/invoice/Edit.tsx,923,.tsx,views
views/apps/invoice/List.tsx,919,.tsx,views
views/apps/kanban/Kanban.tsx,914,.tsx,views
views/apps/notes/Notes.tsx,1542,.tsx,views
views/apps/tickets/Tickets.tsx,891,.tsx,views
views/apps/user-profile/Followers.tsx,1255,.tsx,views
views/apps/user-profile/Friends.tsx,1234,.tsx,views
views/apps/user-profile/Gallery.tsx,1236,.tsx,views
views/apps/user-profile/UserProfile.tsx,1996,.tsx,views
views/authentication/Error.tsx,895,.tsx,views
views/authentication/Maintenance.tsx,908,.tsx,views
views/authentication/auth1/ForgotPassword.tsx,2511,.tsx,views
views/authentication/auth1/Login.tsx,2960,.tsx,views
views/authentication/auth1/Register.tsx,3003,.tsx,views
views/authentication/auth1/TwoSteps.tsx,2556,.tsx,views
views/authentication/auth2/ForgotPassword2.tsx,1916,.tsx,views
views/authentication/auth2/Login2.tsx,2406,.tsx,views
views/authentication/auth2/Register2.tsx,2457,.tsx,views
views/authentication/auth2/TwoSteps2.tsx,1926,.tsx,views
views/authentication/authForms/AuthForgotPassword.tsx,935,.tsx,views
views/authentication/authForms/AuthLogin.tsx,2478,.tsx,views
views/authentication/authForms/AuthRegister.tsx,1774,.tsx,views
views/authentication/authForms/AuthSocialButtons.tsx,1471,.tsx,views
views/authentication/authForms/AuthTwoSteps.tsx,2169,.tsx,views
views/charts/AreaChart.tsx,2504,.tsx,views
views/charts/CandlestickChart.tsx,6835,.tsx,views
views/charts/ColumnChart.tsx,2753,.tsx,views
views/charts/DoughnutChart.tsx,3484,.tsx,views
views/charts/GredientChart.tsx,3029,.tsx,views
views/charts/LineChart.tsx,2532,.tsx,views
views/charts/RadialbarChart.tsx,3442,.tsx,views
views/dashboard/Ecommerce.tsx,4127,.tsx,views
views/dashboard/Modern.tsx,3713,.tsx,views
views/forms/FormCustom.tsx,15902,.tsx,views
views/forms/FormHorizontal.tsx,2592,.tsx,views
views/forms/FormLayouts.tsx,2065,.tsx,views
views/forms/FormValidation.tsx,3839,.tsx,views
views/forms/FormVertical.tsx,2344,.tsx,views
views/forms/FormWizard.tsx,6597,.tsx,views
views/forms/form-elements/MuiAutoComplete.tsx,4660,.tsx,views
views/forms/form-elements/MuiButton.tsx,13674,.tsx,views
views/forms/form-elements/MuiCheckbox.tsx,5411,.tsx,views
views/forms/form-elements/MuiDateTime.tsx,5954,.tsx,views
views/forms/form-elements/MuiRadio.tsx,5201,.tsx,views
views/forms/form-elements/MuiSlider.tsx,8773,.tsx,views
views/forms/form-elements/MuiSwitch.tsx,5028,.tsx,views
views/forms/from-tiptap/Tiptap.css,59,.css,views
views/forms/from-tiptap/TiptapEdit.tsx,1648,.tsx,views
views/forms/from-tiptap/TiptapEditor.tsx,869,.tsx,views
views/mui-trees/simpletree/simpletree-customization/page.tsx,907,.tsx,views
views/mui-trees/simpletree/simpletree-expansion/page.tsx,955,.tsx,views
views/mui-trees/simpletree/simpletree-focus/page.tsx,784,.tsx,views
views/mui-trees/simpletree/simpletree-items/page.tsx,921,.tsx,views
views/mui-trees/simpletree/simpletree-selection/page.tsx,1067,.tsx,views
views/muicharts/barcharts/page.tsx,2350,.tsx,views
views/muicharts/gaugecharts/page.tsx,1494,.tsx,views
views/muicharts/linecharts/area/page.tsx,1520,.tsx,views
views/muicharts/linecharts/line/page.tsx,1515,.tsx,views
views/muicharts/piecharts/page.tsx,3024,.tsx,views
views/muicharts/scattercharts/page.tsx,1231,.tsx,views
views/muicharts/sparklinecharts/page.tsx,1106,.tsx,views
views/pages/account-setting/AccountSetting.tsx,3926,.tsx,views
views/pages/faq/Faq.tsx,940,.tsx,views
views/pages/frontend-pages/About.tsx,1287,.tsx,views
views/pages/frontend-pages/Blog.tsx,1174,.tsx,views
views/pages/frontend-pages/BlogPost.tsx,1135,.tsx,views
views/pages/frontend-pages/Contact.tsx,961,.tsx,views
views/pages/frontend-pages/Homepage.tsx,1592,.tsx,views
views/pages/frontend-pages/Portfolio.tsx,1230,.tsx,views
views/pages/frontend-pages/Pricing.tsx,975,.tsx,views
views/pages/landingpage/Landingpage.tsx,1200,.tsx,views
views/pages/pricing/Pricing.tsx,8297,.tsx,views
views/pages/rollbaseCASL/RollbaseCASL.tsx,3975,.tsx,views
views/react-tables/basic/page.tsx,738,.tsx,views
views/react-tables/columnvisibility/page.tsx,807,.tsx,views
views/react-tables/dense/page.tsx,646,.tsx,views
views/react-tables/drag-drop/page.tsx,1056,.tsx,views
views/react-tables/editable/page.tsx,671,.tsx,views
views/react-tables/empty/page.tsx,660,.tsx,views
views/react-tables/expanding/page.tsx,687,.tsx,views
views/react-tables/filtering/page.tsx,612,.tsx,views
views/react-tables/pagination/page.tsx,694,.tsx,views
views/react-tables/row-selection/page.tsx,706,.tsx,views
views/react-tables/sorting/page.tsx,615,.tsx,views
views/react-tables/sticky/page.tsx,664,.tsx,views
views/spinner/Spinner.tsx,354,.tsx,views
views/spinner/spinner.css,1569,.css,views
views/tables/BasicTable.tsx,1724,.tsx,views
views/tables/CollapsibleTable.tsx,7979,.tsx,views
views/tables/EnhanceTable.tsx,15330,.tsx,views
views/tables/FixedHeaderTable.tsx,6236,.tsx,views
views/tables/PaginationTable.tsx,11058,.tsx,views
views/tables/SearchTable.tsx,985,.tsx,views
views/ui-components/MuiAccordion.tsx,7686,.tsx,views
views/ui-components/MuiAlert.tsx,7412,.tsx,views
views/ui-components/MuiAvatar.tsx,8960,.tsx,views
views/ui-components/MuiChip.tsx,8003,.tsx,views
views/ui-components/MuiDialog.tsx,4694,.tsx,views
views/ui-components/MuiList.tsx,3518,.tsx,views
views/ui-components/MuiPopover.tsx,1858,.tsx,views
views/ui-components/MuiRating.tsx,8539,.tsx,views
views/ui-components/MuiTabs.tsx,12865,.tsx,views
views/ui-components/MuiTooltip.tsx,8142,.tsx,views
views/ui-components/MuiTransferList.tsx,1756,.tsx,views
views/ui-components/MuiTypography.tsx,13064,.tsx,views
views/widgets/banners/WidgetBanners.tsx,2111,.tsx,views
views/widgets/cards/WidgetCards.tsx,2893,.tsx,views
views/widgets/charts/WidgetCharts.tsx,3795,.tsx,views
vite-env.d.ts,39,.ts,vite-env.d.ts
